game_id,temp,wind,roof,surface,spread_line_x,score_diff_final,home_team,away_team,spread_line_y,total_line,week,home_favorite,implied_home_score,implied_away_score
2024_01_ARI_BUF,61.0,20.0,outdoors,a_turf,6.5,6.0,BUF,ARI,6.5,46.0,1,False,26.25,19.75
2024_01_BAL_KC,67.0,8.0,outdoors,grass,3.0,7.0,KC,BAL,3.0,46.0,1,False,24.5,21.5
2024_01_CAR_NO,,,dome,sportturf,3.5,37.0,NO,CAR,3.5,41.5,1,False,22.5,19.0
2024_01_DAL_CLE,69.0,17.0,outdoors,grass,2.5,-16.0,CLE,DAL,2.5,42.0,1,False,22.25,19.75
2024_01_DEN_SEA,65.0,7.0,outdoors,fieldturf,6.5,6.0,SEA,DEN,6.5,42.0,1,False,24.25,17.75
2024_01_GB_PHI,,,outdoors,,2.0,5.0,PHI,GB,2.0,49.5,1,False,25.75,23.75
2024_01_HOU_IND,,,closed,fieldturf,-3.0,-2.0,IND,HOU,-3.0,49.0,1,True,23.0,26.0
2024_01_JAX_MIA,91.0,10.0,outdoors,grass,3.5,3.0,MIA,JAX,3.5,49.5,1,False,26.5,23.0
2024_01_LA_DET,,,dome,fieldturf,5.0,6.0,DET,LA,5.0,54.0,1,False,29.5,24.5
2024_01_LV_LAC,,,dome,matrixturf,3.0,12.0,LAC,LV,3.0,41.0,1,False,22.0,19.0
2024_01_MIN_NYG,64.0,10.0,outdoors,fieldturf,-1.0,-22.0,NYG,MIN,-1.0,42.5,1,True,20.75,21.75
2024_01_NE_CIN,66.0,5.0,outdoors,fieldturf,8.0,-6.0,CIN,NE,8.0,40.5,1,False,24.25,16.25
2024_01_NYJ_SF,76.0,10.0,outdoors,grass,3.5,13.0,SF,NYJ,3.5,43.0,1,False,23.25,19.75
2024_01_PIT_ATL,,,closed,fieldturf,4.0,-8.0,ATL,PIT,4.0,43.0,1,False,23.5,19.5
2024_01_TEN_CHI,67.0,8.0,outdoors,grass,4.0,7.0,CHI,TEN,4.0,43.0,1,False,23.5,19.5
2024_01_WAS_TB,93.0,6.0,outdoors,grass,4.0,17.0,TB,WAS,4.0,42.0,1,False,23.0,19.0
2024_02_ATL_PHI,71.0,9.0,outdoors,grass,5.5,-1.0,PHI,ATL,5.5,46.5,2,False,26.0,20.5
2024_02_BUF_MIA,86.0,3.0,outdoors,grass,2.5,-21.0,MIA,BUF,2.5,48.5,2,False,25.5,23.0
2024_02_CHI_HOU,,,closed,astroturf,6.0,6.0,HOU,CHI,6.0,45.5,2,False,25.75,19.75
2024_02_CIN_KC,89.0,8.0,outdoors,grass,6.5,1.0,KC,CIN,6.5,47.5,2,False,27.0,20.5
2024_02_CLE_JAX,80.0,12.0,outdoors,grass,3.0,-5.0,JAX,CLE,3.0,41.5,2,False,22.25,19.25
2024_02_IND_GB,85.0,7.0,outdoors,grass,-3.0,6.0,GB,IND,-3.0,41.5,2,True,19.25,22.25
2024_02_LAC_CAR,78.0,13.0,outdoors,grass,-5.0,-23.0,CAR,LAC,-5.0,39.0,2,True,17.0,22.0
2024_02_LA_ARI,,,closed,grass,-1.0,31.0,ARI,LA,-1.0,47.5,2,True,23.25,24.25
2024_02_LV_BAL,76.0,10.0,outdoors,grass,9.0,-3.0,BAL,LV,9.0,41.0,2,False,25.0,16.0
2024_02_NO_DAL,,,closed,matrixturf,6.5,-25.0,DAL,NO,6.5,47.0,2,False,26.75,20.25
2024_02_NYG_WAS,82.0,11.0,outdoors,grass,1.5,3.0,WAS,NYG,1.5,42.5,2,False,22.0,20.5
2024_02_NYJ_TEN,80.0,13.0,outdoors,grass,-3.5,-7.0,TEN,NYJ,-3.5,41.5,2,True,19.0,22.5
2024_02_PIT_DEN,83.0,4.0,outdoors,grass,-3.0,-7.0,DEN,PIT,-3.0,36.5,2,True,16.75,19.75
2024_02_SEA_NE,77.0,5.0,outdoors,fieldturf,-3.5,-3.0,NE,SEA,-3.5,39.0,2,True,17.75,21.25
2024_02_SF_MIN,,,dome,sportturf,-4.5,6.0,MIN,SF,-4.5,46.5,2,True,21.0,25.5
2024_02_TB_DET,,,dome,fieldturf,7.5,-4.0,DET,TB,7.5,51.5,2,False,29.5,22.0
2024_03_BAL_DAL,,,closed,matrixturf,-1.5,-3.0,DAL,BAL,-1.5,47.5,3,True,23.0,24.5
2024_03_CAR_LV,,,dome,grass,5.5,-14.0,LV,CAR,5.5,40.0,3,False,22.75,17.25
2024_03_CHI_IND,,,closed,fieldturf,1.5,5.0,IND,CHI,1.5,43.0,3,False,22.25,20.75
2024_03_DEN_TB,85.0,6.0,outdoors,grass,6.0,-19.0,TB,DEN,6.0,40.5,3,False,23.25,17.25
2024_03_DET_ARI,,,closed,grass,-3.0,-7.0,ARI,DET,-3.0,51.5,3,True,24.25,27.25
2024_03_GB_TEN,87.0,7.0,outdoors,grass,3.0,-16.0,TEN,GB,3.0,37.0,3,False,20.0,17.0
2024_03_HOU_MIN,,,dome,sportturf,-2.0,27.0,MIN,HOU,-2.0,46.0,3,True,22.0,24.0
2024_03_JAX_BUF,68.0,5.0,outdoors,a_turf,4.0,37.0,BUF,JAX,4.0,46.5,3,False,25.25,21.25
2024_03_KC_ATL,,,closed,fieldturf,-3.0,-5.0,ATL,KC,-3.0,46.0,3,True,21.5,24.5
2024_03_LAC_PIT,72.0,2.0,outdoors,grass,3.0,10.0,PIT,LAC,3.0,36.0,3,False,19.5,16.5
2024_03_MIA_SEA,64.0,2.0,outdoors,fieldturf,4.0,21.0,SEA,MIA,4.0,41.5,3,False,22.75,18.75
2024_03_NE_NYJ,75.0,5.0,outdoors,fieldturf,6.5,21.0,NYJ,NE,6.5,39.0,3,False,22.75,16.25
2024_03_NYG_CLE,76.0,4.0,outdoors,grass,6.5,-6.0,CLE,NYG,6.5,38.0,3,False,22.25,15.75
2024_03_PHI_NO,,,dome,sportturf,2.5,-3.0,NO,PHI,2.5,49.0,3,False,25.75,23.25
2024_03_SF_LA,,,dome,matrixturf,-6.0,3.0,LA,SF,-6.0,44.5,3,True,19.25,25.25
2024_03_WAS_CIN,69.0,5.0,outdoors,fieldturf,7.5,-5.0,CIN,WAS,7.5,46.0,3,False,26.75,19.25
2024_04_BUF_BAL,68.0,8.0,outdoors,grass,2.5,25.0,BAL,BUF,2.5,46.5,4,False,24.5,22.0
2024_04_CIN_CAR,78.0,6.0,outdoors,grass,-4.5,-10.0,CAR,CIN,-4.5,47.0,4,True,21.25,25.75
2024_04_CLE_LV,,,dome,grass,-2.5,4.0,LV,CLE,-2.5,36.5,4,True,17.0,19.5
2024_04_DAL_NYG,74.0,3.0,outdoors,fieldturf,-5.5,-5.0,NYG,DAL,-5.5,45.0,4,True,19.75,25.25
2024_04_DEN_NYJ,67.0,8.0,outdoors,fieldturf,7.5,-1.0,NYJ,DEN,7.5,39.5,4,False,23.5,16.0
2024_04_JAX_HOU,,,closed,astroturf,5.5,4.0,HOU,JAX,5.5,44.5,4,False,25.0,19.5
2024_04_KC_LAC,,,dome,matrixturf,-7.5,-7.0,LAC,KC,-7.5,41.5,4,True,17.0,24.5
2024_04_LA_CHI,70.0,16.0,outdoors,grass,3.0,6.0,CHI,LA,3.0,40.0,4,False,21.5,18.5
2024_04_MIN_GB,71.0,15.0,outdoors,grass,2.5,-2.0,GB,MIN,2.5,44.0,4,False,23.25,20.75
2024_04_NE_SF,71.0,5.0,outdoors,grass,10.5,17.0,SF,NE,10.5,41.5,4,False,26.0,15.5
2024_04_NO_ATL,,,closed,fieldturf,2.5,2.0,ATL,NO,2.5,41.5,4,False,22.0,19.5
2024_04_PHI_TB,88.0,9.0,outdoors,grass,-1.0,17.0,TB,PHI,-1.0,42.0,4,True,20.5,21.5
2024_04_PIT_IND,,,closed,fieldturf,-2.5,3.0,IND,PIT,-2.5,40.0,4,True,18.75,21.25
2024_04_SEA_DET,,,dome,fieldturf,3.5,13.0,DET,SEA,3.5,46.5,4,False,25.0,21.5
2024_04_TEN_MIA,86.0,9.0,outdoors,grass,2.5,-19.0,MIA,TEN,2.5,37.0,4,False,19.75,17.25
2024_04_WAS_ARI,,,closed,grass,3.5,-28.0,ARI,WAS,3.5,49.0,4,False,26.25,22.75
2024_05_ARI_SF,89.0,3.0,outdoors,grass,7.0,-1.0,SF,ARI,7.0,48.5,5,False,27.75,20.75
2024_05_BAL_CIN,81.0,10.0,outdoors,fieldturf,-2.5,-3.0,CIN,BAL,-2.5,48.5,5,True,23.0,25.5
2024_05_BUF_HOU,,,closed,astroturf,1.0,3.0,HOU,BUF,1.0,48.0,5,False,24.5,23.5
2024_05_CAR_CHI,74.0,7.0,outdoors,grass,4.0,26.0,CHI,CAR,4.0,40.0,5,False,22.0,18.0
2024_05_CLE_WAS,73.0,5.0,outdoors,grass,3.0,21.0,WAS,CLE,3.0,44.0,5,False,23.5,20.5
2024_05_DAL_PIT,67.0,6.0,outdoors,grass,2.5,-3.0,PIT,DAL,2.5,43.5,5,False,23.0,20.5
2024_05_GB_LA,,,dome,matrixturf,-3.0,-5.0,LA,GB,-3.0,49.5,5,True,23.25,26.25
2024_05_IND_JAX,74.0,4.0,outdoors,grass,3.5,3.0,JAX,IND,3.5,45.0,5,False,24.25,20.75
2024_05_LV_DEN,73.0,7.0,outdoors,grass,3.0,16.0,DEN,LV,3.0,36.0,5,False,19.5,16.5
2024_05_MIA_NE,65.0,2.0,outdoors,fieldturf,-2.0,-5.0,NE,MIA,-2.0,37.0,5,True,17.5,19.5
2024_05_NO_KC,70.0,1.0,outdoors,grass,5.5,13.0,KC,NO,5.5,43.0,5,False,24.25,18.75
2024_05_NYG_SEA,61.0,3.0,outdoors,fieldturf,7.0,-9.0,SEA,NYG,7.0,42.5,5,False,24.75,17.75
2024_05_NYJ_MIN,59.0,8.0,outdoors,grass,2.5,6.0,MIN,NYJ,2.5,42.0,5,False,22.25,19.75
2024_05_TB_ATL,,,closed,fieldturf,2.5,6.0,ATL,TB,2.5,44.0,5,False,23.25,20.75
2024_06_ARI_GB,50.0,4.0,outdoors,grass,5.5,21.0,GB,ARI,5.5,47.0,6,False,26.25,20.75
2024_06_ATL_CAR,79.0,9.0,outdoors,grass,-6.0,-18.0,CAR,ATL,-6.0,45.5,6,True,19.75,25.75
2024_06_BUF_NYJ,49.0,14.0,outdoors,fieldturf,-1.0,-3.0,NYJ,BUF,-1.0,42.0,6,True,20.5,21.5
2024_06_CIN_NYG,63.0,2.0,outdoors,fieldturf,-4.5,-10.0,NYG,CIN,-4.5,46.0,6,True,20.75,25.25
2024_06_CLE_PHI,82.0,10.0,outdoors,grass,8.0,4.0,PHI,CLE,8.0,42.0,6,False,25.0,17.0
2024_06_DET_DAL,,,closed,matrixturf,-3.5,-38.0,DAL,DET,-3.5,52.5,6,True,24.5,28.0
2024_06_HOU_NE,53.0,5.0,outdoors,fieldturf,-6.5,-20.0,NE,HOU,-6.5,38.5,6,True,16.0,22.5
2024_06_IND_TEN,80.0,12.0,outdoors,grass,2.5,-3.0,TEN,IND,2.5,42.0,6,False,22.25,19.75
2024_06_JAX_CHI,54.0,3.0,outdoors,grass,-1.5,19.0,CHI,JAX,-1.5,44.5,6,True,21.5,23.0
2024_06_LAC_DEN,65.0,7.0,outdoors,grass,-3.0,-7.0,DEN,LAC,-3.0,37.0,6,True,17.0,20.0
2024_06_PIT_LV,,,dome,grass,-3.5,-19.0,LV,PIT,-3.5,36.5,6,True,16.5,20.0
2024_06_SF_SEA,59.0,10.0,outdoors,fieldturf,-3.5,-12.0,SEA,SF,-3.5,49.0,6,True,22.75,26.25
2024_06_TB_NO,,,dome,sportturf,-3.5,-24.0,NO,TB,-3.5,42.5,6,True,19.5,23.0
2024_06_WAS_BAL,75.0,8.0,outdoors,grass,6.5,7.0,BAL,WAS,6.5,51.5,6,False,29.0,22.5
2024_07_BAL_TB,80.0,8.0,outdoors,grass,-4.5,-10.0,TB,BAL,-4.5,51.0,7,True,23.25,27.75
2024_07_CAR_WAS,76.0,2.0,outdoors,grass,10.0,33.0,WAS,CAR,10.0,51.0,7,False,30.5,20.5
2024_07_CIN_CLE,62.0,8.0,outdoors,grass,-5.5,-7.0,CLE,CIN,-5.5,42.0,7,True,18.25,23.75
2024_07_DEN_NO,,,dome,sportturf,-2.5,-23.0,NO,DEN,-2.5,37.0,7,True,17.25,19.75
2024_07_DET_MIN,,,dome,sportturf,1.0,-2.0,MIN,DET,1.0,50.5,7,False,25.75,24.75
2024_07_HOU_GB,72.0,3.0,outdoors,grass,3.0,2.0,GB,HOU,3.0,48.0,7,False,25.5,22.5
2024_07_KC_SF,78.0,3.0,outdoors,grass,2.5,-10.0,SF,KC,2.5,47.5,7,False,25.0,22.5
2024_07_LAC_ARI,,,closed,grass,-1.0,2.0,ARI,LAC,-1.0,44.0,7,True,21.5,22.5
2024_07_LV_LA,,,dome,matrixturf,7.0,5.0,LA,LV,7.0,43.0,7,False,25.0,18.0
2024_07_MIA_IND,,,closed,fieldturf,3.0,6.0,IND,MIA,3.0,44.0,7,False,23.5,20.5
2024_07_NE_JAX,63.0,12.0,outdoors,grass,6.5,16.0,JAX,NE,6.5,42.0,7,False,24.25,17.75
2024_07_NYJ_PIT,60.0,4.0,outdoors,grass,-3.0,22.0,PIT,NYJ,-3.0,40.0,7,True,18.5,21.5
2024_07_PHI_NYG,71.0,4.0,outdoors,fieldturf,-3.0,-25.0,NYG,PHI,-3.0,42.0,7,True,19.5,22.5
2024_07_SEA_ATL,,,closed,fieldturf,3.0,-20.0,ATL,SEA,3.0,51.5,7,False,27.25,24.25
2024_07_TEN_BUF,66.0,12.0,outdoors,a_turf,9.5,24.0,BUF,TEN,9.5,41.0,7,False,25.25,15.75
2024_08_ARI_MIA,82.0,14.0,outdoors,grass,4.0,-1.0,MIA,ARI,4.0,46.5,8,False,25.25,21.25
2024_08_ATL_TB,79.0,6.0,outdoors,grass,-1.5,-5.0,TB,ATL,-1.5,47.0,8,True,22.75,24.25
2024_08_BAL_CLE,52.0,4.0,outdoors,grass,-7.5,5.0,CLE,BAL,-7.5,44.5,8,True,18.5,26.0
2024_08_BUF_SEA,55.0,14.0,outdoors,fieldturf,-3.0,-21.0,SEA,BUF,-3.0,45.5,8,True,21.25,24.25
2024_08_CAR_DEN,76.0,4.0,outdoors,grass,13.0,14.0,DEN,CAR,13.0,40.5,8,False,26.75,13.75
2024_08_CHI_WAS,58.0,2.0,outdoors,grass,1.5,3.0,WAS,CHI,1.5,46.5,8,False,24.0,22.5
2024_08_DAL_SF,69.0,9.0,outdoors,grass,5.5,6.0,SF,DAL,5.5,48.0,8,False,26.75,21.25
2024_08_GB_JAX,84.0,4.0,outdoors,grass,-3.5,-3.0,JAX,GB,-3.5,49.0,8,True,22.75,26.25
2024_08_IND_HOU,,,closed,astroturf,5.0,3.0,HOU,IND,5.0,45.0,8,False,25.0,20.0
2024_08_KC_LV,,,dome,grass,-9.0,-7.0,LV,KC,-9.0,42.0,8,True,16.5,25.5
2024_08_MIN_LA,,,dome,matrixturf,-3.0,10.0,LA,MIN,-3.0,47.5,8,True,22.25,25.25
2024_08_NO_LAC,,,dome,matrixturf,7.0,18.0,LAC,NO,7.0,41.5,8,False,24.25,17.25
2024_08_NYG_PIT,54.0,7.0,outdoors,grass,6.0,8.0,PIT,NYG,6.0,37.5,8,False,21.75,15.75
2024_08_NYJ_NE,53.0,8.0,outdoors,fieldturf,-7.0,3.0,NE,NYJ,-7.0,41.0,8,True,17.0,24.0
2024_08_PHI_CIN,59.0,6.0,outdoors,fieldturf,2.5,-20.0,CIN,PHI,2.5,47.5,8,False,25.0,22.5
2024_08_TEN_DET,,,dome,fieldturf,12.5,38.0,DET,TEN,12.5,45.0,8,False,28.75,16.25
2024_09_CHI_ARI,,,closed,grass,1.5,20.0,ARI,CHI,1.5,44.5,9,False,23.0,21.5
2024_09_DAL_ATL,,,closed,fieldturf,3.0,6.0,ATL,DAL,3.0,52.0,9,False,27.5,24.5
2024_09_DEN_BAL,57.0,3.0,outdoors,grass,9.0,31.0,BAL,DEN,9.0,46.5,9,False,27.75,18.75
2024_09_DET_GB,50.0,15.0,outdoors,grass,-2.5,-10.0,GB,DET,-2.5,47.5,9,True,22.5,25.0
2024_09_HOU_NYJ,71.0,8.0,outdoors,fieldturf,2.5,8.0,NYJ,HOU,2.5,43.5,9,False,23.0,20.5
2024_09_IND_MIN,,,dome,sportturf,6.5,8.0,MIN,IND,6.5,47.0,9,False,26.75,20.25
2024_09_JAX_PHI,57.0,6.0,outdoors,grass,7.5,5.0,PHI,JAX,7.5,46.0,9,False,26.75,19.25
2024_09_LAC_CLE,57.0,10.0,outdoors,grass,-2.0,-17.0,CLE,LAC,-2.0,42.5,9,True,20.25,22.25
2024_09_LA_SEA,52.0,4.0,outdoors,fieldturf,-1.5,-6.0,SEA,LA,-1.5,48.5,9,True,23.5,25.0
2024_09_LV_CIN,67.0,7.0,outdoors,fieldturf,8.0,17.0,CIN,LV,8.0,45.0,9,False,26.5,18.5
2024_09_MIA_BUF,54.0,9.0,outdoors,a_turf,6.5,3.0,BUF,MIA,6.5,49.0,9,False,27.75,21.25
2024_09_NE_TEN,75.0,10.0,outdoors,grass,3.0,3.0,TEN,NE,3.0,38.5,9,False,20.75,17.75
2024_09_NO_CAR,66.0,7.0,outdoors,grass,-7.0,1.0,CAR,NO,-7.0,43.5,9,True,18.25,25.25
2024_09_TB_KC,63.0,6.0,outdoors,grass,9.0,6.0,KC,TB,9.0,45.5,9,False,27.25,18.25
2024_09_WAS_NYG,52.0,6.0,outdoors,fieldturf,-4.5,-5.0,NYG,WAS,-4.5,44.5,9,True,20.0,24.5
2024_10_ATL_NO,,,dome,sportturf,-3.5,3.0,NO,ATL,-3.5,46.5,10,True,21.5,25.0
2024_10_BUF_IND,,,closed,fieldturf,-4.5,-10.0,IND,BUF,-4.5,46.5,10,True,21.0,25.5
2024_10_CIN_BAL,69.0,6.0,outdoors,grass,6.0,1.0,BAL,CIN,6.0,53.0,10,False,29.5,23.5
2024_10_DEN_KC,57.0,12.0,outdoors,grass,7.5,2.0,KC,DEN,7.5,42.5,10,False,25.0,17.5
2024_10_DET_HOU,,,closed,astroturf,-4.5,-3.0,HOU,DET,-4.5,49.0,10,True,22.25,26.75
2024_10_MIA_LA,,,dome,matrixturf,2.5,-8.0,LA,MIA,2.5,49.5,10,False,26.0,23.5
2024_10_MIN_JAX,79.0,7.0,outdoors,grass,-7.0,-5.0,JAX,MIN,-7.0,42.5,10,True,17.75,24.75
2024_10_NE_CHI,60.0,6.0,outdoors,grass,6.5,-16.0,CHI,NE,6.5,37.5,10,False,22.0,15.5
2024_10_NYG_CAR,,,outdoors,,-6.5,3.0,CAR,NYG,-6.5,40.5,10,True,17.0,23.5
2024_10_NYJ_ARI,,,closed,grass,-2.0,25.0,ARI,NYJ,-2.0,45.5,10,True,21.75,23.75
2024_10_PHI_DAL,,,closed,matrixturf,-7.5,-28.0,DAL,PHI,-7.5,44.5,10,True,18.5,26.0
2024_10_PIT_WAS,57.0,9.0,outdoors,grass,1.5,-1.0,WAS,PIT,1.5,45.0,10,False,23.25,21.75
2024_10_SF_TB,85.0,9.0,outdoors,grass,-6.5,-3.0,TB,SF,-6.5,50.5,10,True,22.0,28.5
2024_10_TEN_LAC,,,dome,matrixturf,8.0,10.0,LAC,TEN,8.0,40.0,10,False,24.0,16.0
2024_11_ATL_DEN,55.0,9.0,outdoors,grass,2.0,32.0,DEN,ATL,2.0,44.5,11,False,23.25,21.25
2024_11_BAL_PIT,52.0,5.0,outdoors,grass,-3.0,2.0,PIT,BAL,-3.0,48.0,11,True,22.5,25.5
2024_11_CIN_LAC,,,dome,matrixturf,1.0,7.0,LAC,CIN,1.0,48.0,11,False,24.5,23.5
2024_11_CLE_NO,,,dome,sportturf,-1.0,21.0,NO,CLE,-1.0,44.0,11,True,21.5,22.5
2024_11_GB_CHI,54.0,5.0,outdoors,grass,-6.0,-1.0,CHI,GB,-6.0,41.0,11,True,17.5,23.5
2024_11_HOU_DAL,,,closed,matrixturf,-7.5,-24.0,DAL,HOU,-7.5,41.5,11,True,17.0,24.5
2024_11_IND_NYJ,62.0,4.0,outdoors,fieldturf,4.0,-1.0,NYJ,IND,4.0,43.0,11,False,23.5,19.5
2024_11_JAX_DET,,,dome,fieldturf,14.0,46.0,DET,JAX,14.0,47.5,11,False,30.75,16.75
2024_11_KC_BUF,50.0,3.0,outdoors,a_turf,2.5,9.0,BUF,KC,2.5,46.5,11,False,24.5,22.0
2024_11_LA_NE,59.0,9.0,outdoors,fieldturf,-4.0,-6.0,NE,LA,-4.0,42.5,11,True,19.25,23.25
2024_11_LV_MIA,80.0,16.0,outdoors,grass,8.0,15.0,MIA,LV,8.0,43.5,11,False,25.75,17.75
2024_11_MIN_TEN,66.0,7.0,outdoors,grass,-6.0,-10.0,TEN,MIN,-6.0,40.0,11,True,17.0,23.0
2024_11_SEA_SF,59.0,4.0,outdoors,grass,6.0,-3.0,SF,SEA,6.0,49.0,11,False,27.5,21.5
2024_11_WAS_PHI,46.0,9.0,outdoors,grass,4.5,8.0,PHI,WAS,4.5,49.5,11,False,27.0,22.5
2024_12_ARI_SEA,45.0,5.0,outdoors,fieldturf,-1.0,10.0,SEA,ARI,-1.0,46.5,12,True,22.75,23.75
2024_12_BAL_LAC,,,dome,matrixturf,-3.0,-7.0,LAC,BAL,-3.0,51.0,12,True,24.0,27.0
2024_12_DAL_WAS,55.0,5.0,outdoors,grass,10.5,-8.0,WAS,DAL,10.5,45.0,12,False,27.75,17.25
2024_12_DEN_LV,,,dome,grass,-6.5,-10.0,LV,DEN,-6.5,41.5,12,True,17.5,24.0
2024_12_DET_IND,,,closed,fieldturf,-7.0,-18.0,IND,DET,-7.0,50.5,12,True,21.75,28.75
2024_12_KC_CAR,61.0,5.0,outdoors,grass,-11.0,-3.0,CAR,KC,-11.0,43.0,12,True,16.0,27.0
2024_12_MIN_CHI,47.0,5.0,outdoors,grass,-3.0,-3.0,CHI,MIN,-3.0,39.5,12,True,18.25,21.25
2024_12_NE_MIA,77.0,6.0,outdoors,grass,7.5,19.0,MIA,NE,7.5,46.0,12,False,26.75,19.25
2024_12_PHI_LA,,,dome,matrixturf,-3.0,-17.0,LA,PHI,-3.0,49.0,12,True,23.0,26.0
2024_12_PIT_CLE,36.0,13.0,outdoors,grass,-3.5,5.0,CLE,PIT,-3.5,36.5,12,True,16.5,20.0
2024_12_SF_GB,43.0,11.0,outdoors,grass,6.5,28.0,GB,SF,6.5,44.5,12,False,25.5,19.0
2024_12_TB_NYG,50.0,13.0,outdoors,fieldturf,-6.5,-23.0,NYG,TB,-6.5,40.5,12,True,17.0,23.5
2024_12_TEN_HOU,,,closed,astroturf,8.0,-5.0,HOU,TEN,8.0,40.5,12,False,24.25,16.25
2024_13_ARI_MIN,,,dome,sportturf,3.5,1.0,MIN,ARI,3.5,45.5,13,False,24.5,21.0
2024_13_CHI_DET,,,dome,fieldturf,9.5,3.0,DET,CHI,9.5,47.5,13,False,28.5,19.0
2024_13_CLE_DEN,48.0,4.0,outdoors,grass,6.5,9.0,DEN,CLE,6.5,41.5,13,False,24.0,17.5
2024_13_HOU_JAX,,,outdoors,grass,-3.5,-3.0,JAX,HOU,-3.5,44.5,13,True,20.5,24.0
2024_13_IND_NE,36.0,9.0,outdoors,fieldturf,-2.5,-1.0,NE,IND,-2.5,41.5,13,True,19.5,22.0
2024_13_LAC_ATL,,,closed,fieldturf,-1.0,-4.0,ATL,LAC,-1.0,47.0,13,True,23.0,24.0
2024_13_LA_NO,,,dome,sportturf,-2.5,-7.0,NO,LA,-2.5,48.5,13,True,23.0,25.5
2024_13_LV_KC,37.0,5.0,outdoors,grass,13.5,2.0,KC,LV,13.5,42.0,13,False,27.75,14.25
2024_13_MIA_GB,27.0,10.0,outdoors,grass,3.5,13.0,GB,MIA,3.5,47.5,13,False,25.5,22.0
2024_13_NYG_DAL,,,closed,matrixturf,4.5,7.0,DAL,NYG,4.5,39.0,13,False,21.75,17.25
2024_13_PHI_BAL,41.0,7.0,outdoors,grass,3.0,-5.0,BAL,PHI,3.0,50.0,13,False,26.5,23.5
2024_13_PIT_CIN,32.0,9.0,outdoors,fieldturf,3.0,-6.0,CIN,PIT,3.0,46.0,13,False,24.5,21.5
2024_13_SEA_NYJ,37.0,12.0,outdoors,fieldturf,1.0,-5.0,NYJ,SEA,1.0,41.5,13,False,21.25,20.25
2024_13_SF_BUF,28.0,11.0,outdoors,a_turf,6.5,25.0,BUF,SF,6.5,45.0,13,False,25.75,19.25
2024_13_TB_CAR,51.0,7.0,outdoors,grass,-6.5,-3.0,CAR,TB,-6.5,46.0,13,True,19.75,26.25
2024_13_TEN_WAS,42.0,6.0,outdoors,grass,6.0,23.0,WAS,TEN,6.0,45.0,13,False,25.5,19.5
2024_14_ATL_MIN,,,dome,sportturf,6.0,21.0,MIN,ATL,6.0,46.5,14,False,26.25,20.25
2024_14_BUF_LA,,,dome,matrixturf,-3.5,2.0,LA,BUF,-3.5,49.5,14,True,23.0,26.5
2024_14_CAR_PHI,55.0,16.0,outdoors,grass,14.0,6.0,PHI,CAR,14.0,44.5,14,False,29.25,15.25
2024_14_CHI_SF,65.0,4.0,outdoors,grass,3.0,25.0,SF,CHI,3.0,43.5,14,False,23.25,20.25
2024_14_CIN_DAL,,,closed,matrixturf,-5.0,-7.0,DAL,CIN,-5.0,51.0,14,True,23.0,28.0
2024_14_CLE_PIT,49.0,12.0,outdoors,grass,6.0,13.0,PIT,CLE,6.0,43.0,14,False,24.5,18.5
2024_14_GB_DET,,,dome,fieldturf,3.0,3.0,DET,GB,3.0,53.0,14,False,28.0,25.0
2024_14_JAX_TEN,53.0,9.0,outdoors,grass,3.0,-4.0,TEN,JAX,3.0,40.0,14,False,21.5,18.5
2024_14_LAC_KC,50.0,10.0,outdoors,grass,5.0,2.0,KC,LAC,5.0,43.5,14,False,24.25,19.25
2024_14_LV_TB,71.0,4.0,outdoors,grass,7.0,15.0,TB,LV,7.0,47.0,14,False,27.0,20.0
2024_14_NO_NYG,54.0,13.0,outdoors,fieldturf,-5.5,-3.0,NYG,NO,-5.5,41.0,14,True,17.75,23.25
2024_14_NYJ_MIA,77.0,12.0,outdoors,grass,6.5,6.0,MIA,NYJ,6.5,45.0,14,False,25.75,19.25
2024_14_SEA_ARI,,,closed,grass,3.0,-12.0,ARI,SEA,3.0,45.5,14,False,24.25,21.25
2024_15_ATL_LV,,,dome,grass,-6.5,-6.0,LV,ATL,-6.5,44.5,15,True,19.0,25.5
2024_15_BAL_NYG,36.0,6.0,outdoors,fieldturf,-16.5,-21.0,NYG,BAL,-16.5,43.5,15,True,13.5,30.0
2024_15_BUF_DET,,,dome,fieldturf,2.5,-6.0,DET,BUF,2.5,55.5,15,False,29.0,26.5
2024_15_CHI_MIN,,,dome,sportturf,7.0,18.0,MIN,CHI,7.0,43.5,15,False,25.25,18.25
2024_15_CIN_TEN,52.0,12.0,outdoors,grass,-6.0,-10.0,TEN,CIN,-6.0,46.5,15,True,20.25,26.25
2024_15_DAL_CAR,45.0,7.0,outdoors,grass,2.5,-16.0,CAR,DAL,2.5,42.0,15,False,22.25,19.75
2024_15_GB_SEA,43.0,3.0,outdoors,fieldturf,-3.0,-17.0,SEA,GB,-3.0,48.0,15,True,22.5,25.5
2024_15_IND_DEN,55.0,15.0,outdoors,grass,4.5,18.0,DEN,IND,4.5,43.5,15,False,24.0,19.5
2024_15_KC_CLE,40.0,18.0,outdoors,grass,-4.5,-14.0,CLE,KC,-4.5,41.5,15,True,18.5,23.0
2024_15_LA_SF,53.0,4.0,outdoors,grass,3.0,-6.0,SF,LA,3.0,48.5,15,False,25.75,22.75
2024_15_MIA_HOU,,,closed,astroturf,2.5,8.0,HOU,MIA,2.5,46.5,15,False,24.5,22.0
2024_15_NE_ARI,,,closed,grass,6.0,13.0,ARI,NE,6.0,46.5,15,False,26.25,20.25
2024_15_NYJ_JAX,,,outdoors,grass,-3.5,-7.0,JAX,NYJ,-3.5,41.5,15,True,19.0,22.5
2024_15_PIT_PHI,37.0,5.0,outdoors,grass,5.5,14.0,PHI,PIT,5.5,43.0,15,False,24.25,18.75
2024_15_TB_LAC,,,dome,matrixturf,3.0,-23.0,LAC,TB,3.0,46.0,15,False,24.5,21.5
2024_15_WAS_NO,,,dome,sportturf,-7.5,-1.0,NO,WAS,-7.5,44.5,15,True,18.5,26.0
2024_16_ARI_CAR,37.0,10.0,outdoors,grass,-5.5,6.0,CAR,ARI,-5.5,47.0,16,True,20.75,26.25
2024_16_CLE_CIN,33.0,6.0,outdoors,fieldturf,10.0,18.0,CIN,CLE,10.0,46.5,16,False,28.25,18.25
2024_16_DEN_LAC,,,dome,matrixturf,3.0,7.0,LAC,DEN,3.0,41.5,16,False,22.25,19.25
2024_16_DET_CHI,29.0,7.0,outdoors,grass,-7.0,-17.0,CHI,DET,-7.0,47.5,16,True,20.25,27.25
2024_16_HOU_KC,30.0,5.0,outdoors,grass,3.5,8.0,KC,HOU,3.5,42.5,16,False,23.0,19.5
2024_16_JAX_LV,,,dome,grass,2.5,5.0,LV,JAX,2.5,41.5,16,False,22.0,19.5
2024_16_LA_NYJ,23.0,8.0,outdoors,fieldturf,-3.0,-10.0,NYJ,LA,-3.0,47.0,16,True,22.0,25.0
2024_16_MIN_SEA,48.0,5.0,outdoors,fieldturf,-2.5,-3.0,SEA,MIN,-2.5,43.0,16,True,20.25,22.75
2024_16_NE_BUF,14.0,2.0,outdoors,a_turf,14.0,3.0,BUF,NE,14.0,48.0,16,False,31.0,17.0
2024_16_NO_GB,34.0,12.0,outdoors,grass,14.0,34.0,GB,NO,14.0,44.0,16,False,29.0,15.0
2024_16_NYG_ATL,,,closed,fieldturf,9.5,27.0,ATL,NYG,9.5,42.5,16,False,26.0,16.5
2024_16_PHI_WAS,32.0,8.0,outdoors,grass,-4.0,3.0,WAS,PHI,-4.0,47.0,16,True,21.5,25.5
2024_16_PIT_BAL,35.0,15.0,outdoors,grass,7.0,17.0,BAL,PIT,7.0,44.5,16,False,25.75,18.75
2024_16_SF_MIA,73.0,12.0,outdoors,grass,-2.0,12.0,MIA,SF,-2.0,44.0,16,True,21.0,23.0
2024_16_TB_DAL,,,closed,matrixturf,-4.5,2.0,DAL,TB,-4.5,47.5,16,True,21.5,26.0
2024_16_TEN_IND,,,closed,fieldturf,4.0,8.0,IND,TEN,4.0,42.5,16,False,23.25,19.25
2024_17_ARI_LA,,,dome,matrixturf,6.5,4.0,LA,ARI,6.5,48.0,17,False,27.25,20.75
2024_17_ATL_WAS,58.0,10.0,outdoors,grass,3.5,6.0,WAS,ATL,3.5,46.5,17,False,25.0,21.5
2024_17_BAL_HOU,,,closed,astroturf,-5.5,-29.0,HOU,BAL,-5.5,46.5,17,True,20.5,26.0
2024_17_CAR_TB,76.0,8.0,outdoors,grass,9.5,34.0,TB,CAR,9.5,47.5,17,False,28.5,19.0
2024_17_DAL_PHI,62.0,10.0,outdoors,grass,7.5,34.0,PHI,DAL,7.5,37.5,17,False,22.5,15.0
2024_17_DEN_CIN,60.0,8.0,outdoors,fieldturf,3.5,6.0,CIN,DEN,3.5,50.5,17,False,27.0,23.5
2024_17_DET_SF,,,outdoors,grass,-4.0,-6.0,SF,DET,-4.0,50.5,17,True,23.25,27.25
2024_17_GB_MIN,,,dome,sportturf,-1.0,2.0,MIN,GB,-1.0,49.0,17,True,24.0,25.0
2024_17_IND_NYG,54.0,0.0,outdoors,fieldturf,-7.5,12.0,NYG,IND,-7.5,40.5,17,True,16.5,24.0
2024_17_KC_PIT,39.0,2.0,outdoors,grass,-3.0,-19.0,PIT,KC,-3.0,43.5,17,True,20.25,23.25
2024_17_LAC_NE,40.0,4.0,outdoors,fieldturf,-6.0,-33.0,NE,LAC,-6.0,42.0,17,True,18.0,24.0
2024_17_LV_NO,,,dome,sportturf,-2.0,-15.0,NO,LV,-2.0,37.5,17,True,17.75,19.75
2024_17_MIA_CLE,54.0,15.0,outdoors,grass,-3.0,-17.0,CLE,MIA,-3.0,32.5,17,True,14.75,17.75
2024_17_NYJ_BUF,54.0,15.0,outdoors,a_turf,10.0,26.0,BUF,NYJ,10.0,44.5,17,False,27.25,17.25
2024_17_SEA_CHI,47.0,5.0,outdoors,grass,-3.5,-3.0,CHI,SEA,-3.5,43.5,17,True,20.0,23.5
2024_17_TEN_JAX,72.0,16.0,outdoors,grass,-1.0,7.0,JAX,TEN,-1.0,38.0,17,True,18.5,19.5
2024_18_BUF_NE,33.0,14.0,outdoors,fieldturf,-3.0,7.0,NE,BUF,-3.0,36.5,18,True,16.75,19.75
2024_18_CAR_ATL,,,closed,fieldturf,7.5,-6.0,ATL,CAR,7.5,48.5,18,False,28.0,20.5
2024_18_CHI_GB,16.0,13.0,outdoors,grass,10.0,-2.0,GB,CHI,10.0,41.5,18,False,25.75,15.75
2024_18_CIN_PIT,19.0,10.0,outdoors,grass,-2.5,-2.0,PIT,CIN,-2.5,48.5,18,True,23.0,25.5
2024_18_CLE_BAL,31.0,16.0,outdoors,grass,19.5,25.0,BAL,CLE,19.5,42.5,18,False,31.0,11.5
2024_18_HOU_TEN,35.0,10.0,outdoors,grass,2.5,-9.0,TEN,HOU,2.5,36.5,18,False,19.5,17.0
2024_18_JAX_IND,,,closed,fieldturf,3.5,3.0,IND,JAX,3.5,45.5,18,False,24.5,21.0
2024_18_KC_DEN,28.0,5.0,outdoors,grass,10.5,38.0,DEN,KC,10.5,40.5,18,False,25.5,15.0
2024_18_LAC_LV,,,dome,grass,-7.0,-14.0,LV,LAC,-7.0,42.5,18,True,17.75,24.75
2024_18_MIA_NYJ,34.0,10.0,outdoors,fieldturf,1.5,12.0,NYJ,MIA,1.5,39.5,18,False,20.5,19.0
2024_18_MIN_DET,,,dome,fieldturf,3.0,22.0,DET,MIN,3.0,56.5,18,False,29.75,26.75
2024_18_NO_TB,68.0,6.0,outdoors,grass,14.5,8.0,TB,NO,14.5,44.5,18,False,29.5,15.0
2024_18_NYG_PHI,31.0,19.0,outdoors,grass,3.0,7.0,PHI,NYG,3.0,36.5,18,False,19.75,16.75
2024_18_SEA_LA,,,dome,matrixturf,-7.5,-5.0,LA,SEA,-7.5,38.5,18,True,15.5,23.0
2024_18_SF_ARI,,,closed,grass,4.5,23.0,ARI,SF,4.5,42.5,18,False,23.5,19.0
2024_18_WAS_DAL,,,closed,matrixturf,-7.0,-4.0,DAL,WAS,-7.0,43.5,18,True,18.25,25.25
2024_19_DEN_BUF,32.0,10.0,outdoors,a_turf,7.5,24.0,BUF,DEN,7.5,48.5,19,False,28.0,20.5
2024_19_GB_PHI,40.0,6.0,outdoors,grass,5.5,12.0,PHI,GB,5.5,45.5,19,False,25.5,20.0
2024_19_LAC_HOU,,,closed,astroturf,-3.0,20.0,HOU,LAC,-3.0,41.5,19,True,19.25,22.25
2024_19_MIN_LA,,,closed,grass,-2.5,18.0,LA,MIN,-2.5,47.5,19,True,22.5,25.0
2024_19_PIT_BAL,32.0,12.0,outdoors,grass,9.5,14.0,BAL,PIT,9.5,44.5,19,False,27.0,17.5
2024_19_WAS_TB,58.0,2.0,outdoors,grass,3.0,-3.0,TB,WAS,3.0,51.5,19,False,27.25,24.25
2024_20_BAL_BUF,19.0,4.0,outdoors,a_turf,-1.5,2.0,BUF,BAL,-1.5,51.5,20,True,25.0,26.5
2024_20_HOU_KC,23.0,17.0,outdoors,grass,9.5,9.0,KC,HOU,9.5,41.5,20,False,25.5,16.0
2024_20_LA_PHI,34.0,8.0,outdoors,grass,7.0,6.0,PHI,LA,7.0,43.5,20,False,25.25,18.25
2024_20_WAS_DET,,,dome,fieldturf,8.5,-14.0,DET,WAS,8.5,55.5,20,False,32.0,23.5
2024_21_BUF_KC,31.0,8.0,outdoors,grass,1.5,3.0,KC,BUF,1.5,49.5,21,False,25.5,24.0
2024_21_WAS_PHI,40.0,11.0,outdoors,grass,6.0,32.0,PHI,WAS,6.0,46.5,21,False,26.25,20.25
2024_22_KC_PHI,,,dome,sportturf,-1.5,18.0,PHI,KC,-1.5,48.5,22,True,23.5,25.0
